id,annotator,answer,seconds
j40f2n,mohona,unsure,19.3
mi1tox,mohona,marvel,14.4
n93y1x,mohona,unsure,12.9
p22f7i,mohona,unsure,31.9
r7ym1d,mohona,marvel,6.0
tieti9,mohona,marvel,3.7
fsuo4g,mohona,harrypotter,20.0
vixmz7,mohona,marvel,13.2
mbbn19,mohona,harrypotter,9.8
e1j2xj,mohona,marvel,3.8
jclnad,mohona,harrypotter,5.8
ane25j,mohona,unsure,8.4
doo9i3,mohona,harrypotter,20.4
9m4vb7,mohona,marvel,3.4
8t6zhj,mohona,unsure,7.8
ad79th,mohona,harrypotter,8.8
bs6zrc,mohona,marvel,6.0
eik1kc,mohona,marvel,3.7
cf9m59,mohona,harrypotter,3.0
dptbgd,mohona,harrypotter,2.1
15crah5,mohona,marvel,2.1
i6uaab,mohona,marvel,4.8
d9jd13,mohona,harrypotter,2.4
8t1120,mohona,marvel,3.4
ac9cs1,mohona,harrypotter,3.3
a2p5je,mohona,marvel,5.2
cvmhli,mohona,marvel,3.4
wwnbd9,mohona,marvel,2.5
afwjoi,mohona,unsure,4.1
odal0c,mohona,harrypotter,10.2
ivr28m,mohona,unsure,10.5
6zywrn,mohona,harrypotter,7.0
axzg87,mohona,unsure,6.1
x7as7i,mohona,marvel,7.1
ktounq,mohona,harrypotter,3.0
pxyaxt,mohona,marvel,1.9
8jok7z,mohona,marvel,2.7
in83gj,mohona,harrypotter,3.0
hergb5,mohona,harrypotter,4.1
d0xjid,mohona,marvel,2.1
d0j1pe,mohona,marvel,2.7
crynsl,mohona,harrypotter,2.0
ic013s,mohona,harrypotter,2.0
tl1qe4,mohona,marvel,3.9
bjcd8x,mohona,marvel,7.3
kzr0yx,mohona,marvel,2.0
78fq89,mohona,harrypotter,3.9
h92wj2,mohona,unsure,2.5
cp43e8,mohona,marvel,5.1
90mcw0,mohona,harrypotter,2.4
v7n4r9,mohona,marvel,7.8
t89tat,mohona,unsure,5.4
ko9oc8,mohona,marvel,2.7
h8tivn,mohona,harrypotter,3.3
ei2j7n,mohona,unsure,6.7
8svq4m,mohona,harrypotter,3.8
8m01eb,mohona,harrypotter,4.2
p2eq8t,mohona,marvel,2.1
v97jxi,mohona,unsure,4.4
eh645e,mohona,harrypotter,2.7
ao36k0,mohona,harrypotter,7.4
olgnmd,mohona,harrypotter,1.7
drku4u,mohona,marvel,6.1
n3ujdn,mohona,harrypotter,4.7
b8il5q,mohona,marvel,2.5
6ff1p9,mohona,harrypotter,8.8
r6e52h,mohona,harrypotter,9.0
kv1j6i,mohona,marvel,6.9
drmv45,mohona,unsure,5.0
7332yg,mohona,harrypotter,12.5
ar2zwd,mohona,unsure,14.6
n3c9eg,mohona,unsure,2.1
8grcru,mohona,marvel,4.3
11db3i9,mohona,marvel,2.1
b76exe,mohona,marvel,2.0
10haa07,mohona,unsure,2.5
uebxhl,mohona,marvel,3.2
7m15fo,mohona,harrypotter,3.3
k1rmwf,mohona,unsure,9.4
122lwiz,mohona,marvel,2.9
lp3n34,mohona,marvel,4.7
k8v4sv,mohona,unsure,2.3
82az7n,mohona,harrypotter,4.8
b7tlfi,mohona,marvel,4.1
8k603c,mohona,marvel,1.7
jzctyd,mohona,harrypotter,2.1
aldv5c,mohona,harrypotter,31.2
7xw287,mohona,harrypotter,5.1
fqi64h,mohona,marvel,2.5
8kjp8c,mohona,marvel,1.2
lyoc3n,mohona,unsure,2.1
nfhdtm,mohona,unsure,7.8
k2wghh,mohona,marvel,1.9
9z4z5n,mohona,unsure,1.5
sgqcux,mohona,marvel,16.9
ahunnr,mohona,marvel,3.2
kp5x6i,mohona,unsure,2.0
pn9psv,mohona,marvel,1.9
7xah5p,mohona,unsure,7.7
r87j14,mohona,marvel,2.3
144ajfc,mohona,marvel,1.0
8mq78h,mohona,marvel,1.1
7r1831,mohona,unsure,1.6
fjl2t7,mohona,harrypotter,5.6
9npin7,mohona,unsure,5.0
nvvy0h,mohona,marvel,2.4
ho1993,mohona,marvel,3.8
ilr0q5,mohona,harrypotter,3.6
e3ln7p,mohona,unsure,4.4
11q9je8,mohona,unsure,3.5
6judqt,mohona,unsure,22.2
9irv7v,mohona,harrypotter,3.0
a04dtb,mohona,marvel,14.8
a3bka5,mohona,unsure,6.6
87tpp9,mohona,harrypotter,2.0
be6p3w,mohona,unsure,4.5
8eq4am,mohona,marvel,2.2
biei6m,mohona,marvel,2.5
a8w820,mohona,marvel,2.7
fcugct,mohona,harrypotter,4.4
8eg2a9,mohona,unsure,2.3
dhjr9h,mohona,harrypotter,6.4
pspx03,mohona,marvel,2.0
avq0dm,mohona,harrypotter,5.0
167nsc5,mohona,unsure,10.3
n2du4x,mohona,unsure,4.6
7xpcay,mohona,unsure,1.5
sqqjis,mohona,marvel,3.3
avz45c,mohona,marvel,1.3
aeluc2,mohona,unsure,1.2
7n22pe,mohona,harrypotter,1.1
bgwjlq,mohona,unsure,2.3
ujma29,mohona,harrypotter,3.8
5965m1,mohona,marvel,2.7
bwoou6,mohona,marvel,2.0
brppsw,mohona,marvel,3.8
buf8yl,mohona,unsure,4.3
7ciist,mohona,unsure,3.5
683r25,mohona,marvel,1.7
g0tzx2,mohona,harrypotter,2.1
xzcsa0,mohona,marvel,16.3
74jn1q,mohona,marvel,1.6
jajbmk,mohona,harrypotter,1.6
87mbzf,mohona,harrypotter,1.5
9c8t80,mohona,harrypotter,3.9
awhfl5,mohona,harrypotter,1.6
8g168x,mohona,marvel,1.7
wyc9oq,mohona,marvel,1.2
l4mg33,mohona,unsure,1.8
arrefz,mohona,marvel,1.2
ypkn7k,mohona,marvel,1.3
bsgcz7,mohona,marvel,1.0
8pix1m,mohona,harrypotter,1.6
mrrm11,mohona,unsure,1.6
m154ai,mohona,marvel,2.6
abpqn5,mohona,unsure,4.0
agyhum,mohona,marvel,1.1
f6rq78,mohona,unsure,1.5
jkxocz,mohona,harrypotter,1.3
6fmmud,mohona,unsure,4.4
yfqr0n,mohona,marvel,1.6
en4hh4,mohona,marvel,2.5
948ptq,mohona,unsure,2.5
vc9lvz,mohona,marvel,2.0
4clckg,mohona,marvel,1.8
bq5jxx,mohona,marvel,2.5
mfk0lz,mohona,marvel,2.8
ddhwc1,mohona,marvel,4.9
g6c4h8,mohona,unsure,2.8
bzdf9n,mohona,unsure,1.2
ll4kki,mohona,harrypotter,1.9
m7ygvt,mohona,unsure,8.3
531fap,mohona,harrypotter,3.0
i4453w,mohona,unsure,2.9
5h6jlx,mohona,marvel,2.4
ebhjo5,mohona,marvel,2.4
c4ko8f,mohona,marvel,3.6
dh4hgh,mohona,unsure,2.2
lf723n,mohona,harrypotter,1.7
8elklx,mohona,harrypotter,1.2
9cdzwc,mohona,marvel,2.5
fn2mhv,mohona,marvel,2.6
bphkgr,mohona,marvel,1.5
eqg73b,mohona,unsure,2.3
t0pzc2,mohona,marvel,2.4
k2rzqn,mohona,unsure,10.3
arvze5,mohona,harrypotter,1.6
ekmrcw,mohona,marvel,1.4
bazgsc,mohona,harrypotter,2.1
bbprc3,mohona,harrypotter,1.5
abiim4,mohona,unsure,2.0
r8qtb8,mohona,harrypotter,1.9
ho0oyc,mohona,unsure,2.9
d8ll8f,mohona,harrypotter,1.7
ha5okm,mohona,marvel,1.1
aab94k,mohona,unsure,1.7
92qotn,mohona,marvel,1.1
e8wxm1,mohona,marvel,2.9
6uv5y5,mohona,unsure,2.6
9ydbi5,mohona,marvel,1.1
